{
  "ano": 2026,
  "mes": 1,
  "mesNome": "Janeiro",
  "fonte": "https://www.salinas.com.br/pt/maceio/tabua-de-mares",
  "dataExtracao": "2026-01-31",
  "dias": [
    {
      "dia": 1,
      "diaSemana": "Quinta",
      "mares": [
        { "hora": "04:48", "altura": 0.79 },
        { "hora": "10:55", "altura": 1.68 },
        { "hora": "17:22", "altura": 0.80 },
        { "hora": "23:31", "altura": 1.70 }
      ]
    },
    {
      "dia": 2,
      "diaSemana": "Sexta",
      "mares": [
        { "hora": "05:57", "altura": 0.80 },
        { "hora": "12:02", "altura": 1.70 },
        { "hora": "18:30", "altura": 0.73 }
      ]
    },
    {
      "dia": 3,
      "diaSemana": "Sábado",
      "mares": [
        { "hora": "00:39", "altura": 1.72 },
        { "hora": "06:56", "altura": 0.76 },
        { "hora": "12:59", "altura": 1.76 },
        { "hora": "19:25", "altura": 0.64 }
      ]
    },
    {
      "dia": 4,
      "diaSemana": "Domingo",
      "mares": [
        { "hora": "01:33", "altura": 1.77 },
        { "hora": "07:45", "altura": 0.70 },
        { "hora": "13:46", "altura": 1.84 },
        { "hora": "20:10", "altura": 0.55 }
      ]
    },
    {
      "dia": 5,
      "diaSemana": "Segunda",
      "mares": [
        { "hora": "23:38", "altura": 0.22 }
      ]
    },
    {
      "dia": 6,
      "diaSemana": "Terça",
      "mares": [
        { "hora": "05:47", "altura": 2.09 },
        { "hora": "11:48", "altura": 0.47 },
        { "hora": "17:55", "altura": 2.23 }
      ]
    },
    {
      "dia": 7,
      "diaSemana": "Quarta",
      "mares": [
        { "hora": "00:21", "altura": 0.34 },
        { "hora": "06:28", "altura": 2.00 },
        { "hora": "12:29", "altura": 0.56 },
        { "hora": "18:38", "altura": 2.12 }
      ]
    },
    {
      "dia": 8,
      "diaSemana": "Quinta",
      "mares": [
        { "hora": "01:04", "altura": 0.48 },
        { "hora": "07:10", "altura": 1.89 },
        { "hora": "13:11", "altura": 0.67 },
        { "hora": "19:21", "altura": 1.98 }
      ]
    },
    {
      "dia": 9,
      "diaSemana": "Sexta",
      "mares": [
        { "hora": "01:48", "altura": 0.62 },
        { "hora": "07:54", "altura": 1.78 },
        { "hora": "13:59", "altura": 0.77 },
        { "hora": "20:10", "altura": 1.83 }
      ]
    },
    {
      "dia": 10,
      "diaSemana": "Sábado",
      "mares": [
        { "hora": "02:38", "altura": 0.75 },
        { "hora": "08:45", "altura": 1.68 },
        { "hora": "14:57", "altura": 0.85 },
        { "hora": "21:08", "altura": 1.70 }
      ]
    },
    {
      "dia": 11,
      "diaSemana": "Domingo",
      "mares": [
        { "hora": "03:39", "altura": 0.85 },
        { "hora": "09:48", "altura": 1.62 },
        { "hora": "16:12", "altura": 0.89 },
        { "hora": "22:22", "altura": 1.61 }
      ]
    },
    {
      "dia": 12,
      "diaSemana": "Segunda",
      "mares": [
        { "hora": "04:53", "altura": 0.89 },
        { "hora": "11:01", "altura": 1.60 },
        { "hora": "17:34", "altura": 0.86 },
        { "hora": "23:42", "altura": 1.60 }
      ]
    },
    {
      "dia": 13,
      "diaSemana": "Terça",
      "mares": [
        { "hora": "06:07", "altura": 0.87 },
        { "hora": "12:10", "altura": 1.64 },
        { "hora": "18:42", "altura": 0.78 }
      ]
    },
    {
      "dia": 14,
      "diaSemana": "Quarta",
      "mares": [
        { "hora": "00:50", "altura": 1.66 },
        { "hora": "07:07", "altura": 0.80 },
        { "hora": "13:07", "altura": 1.72 },
        { "hora": "19:34", "altura": 0.67 }
      ]
    },
    {
      "dia": 15,
      "diaSemana": "Quinta",
      "mares": [
        { "hora": "01:42", "altura": 1.74 },
        { "hora": "07:54", "altura": 0.72 },
        { "hora": "13:53", "altura": 1.82 },
        { "hora": "20:17", "altura": 0.56 }
      ]
    },
    {
      "dia": 16,
      "diaSemana": "Sexta",
      "mares": [
        { "hora": "02:24", "altura": 1.84 },
        { "hora": "08:33", "altura": 0.63 },
        { "hora": "14:32", "altura": 1.92 },
        { "hora": "20:54", "altura": 0.46 }
      ]
    },
    {
      "dia": 17,
      "diaSemana": "Sábado",
      "mares": [
        { "hora": "03:01", "altura": 1.92 },
        { "hora": "09:08", "altura": 0.56 },
        { "hora": "15:08", "altura": 2.02 },
        { "hora": "21:29", "altura": 0.38 }
      ]
    },
    {
      "dia": 18,
      "diaSemana": "Domingo",
      "mares": [
        { "hora": "03:36", "altura": 2.00 },
        { "hora": "09:40", "altura": 0.50 },
        { "hora": "15:43", "altura": 2.11 },
        { "hora": "22:02", "altura": 0.33 }
      ]
    },
    {
      "dia": 19,
      "diaSemana": "Segunda",
      "mares": [
        { "hora": "04:09", "altura": 2.05 },
        { "hora": "10:12", "altura": 0.45 },
        { "hora": "16:17", "altura": 2.18 },
        { "hora": "22:36", "altura": 0.30 }
      ]
    },
    {
      "dia": 20,
      "diaSemana": "Terça",
      "mares": [
        { "hora": "04:43", "altura": 2.09 },
        { "hora": "10:45", "altura": 0.44 },
        { "hora": "16:51", "altura": 2.23 },
        { "hora": "23:10", "altura": 0.30 }
      ]
    },
    {
      "dia": 21,
      "diaSemana": "Quarta",
      "mares": [
        { "hora": "05:18", "altura": 2.10 },
        { "hora": "11:18", "altura": 0.44 },
        { "hora": "17:27", "altura": 2.23 },
        { "hora": "23:45", "altura": 0.33 }
      ]
    },
    {
      "dia": 22,
      "diaSemana": "Quinta",
      "mares": [
        { "hora": "05:54", "altura": 2.08 },
        { "hora": "11:54", "altura": 0.47 },
        { "hora": "18:05", "altura": 2.20 }
      ]
    },
    {
      "dia": 23,
      "diaSemana": "Sexta",
      "mares": [
        { "hora": "00:23", "altura": 0.39 },
        { "hora": "06:33", "altura": 2.03 },
        { "hora": "12:34", "altura": 0.53 },
        { "hora": "18:47", "altura": 2.11 }
      ]
    },
    {
      "dia": 24,
      "diaSemana": "Sábado",
      "mares": [
        { "hora": "01:04", "altura": 0.48 },
        { "hora": "07:16", "altura": 1.95 },
        { "hora": "13:18", "altura": 0.61 },
        { "hora": "19:34", "altura": 2.00 }
      ]
    },
    {
      "dia": 25,
      "diaSemana": "Domingo",
      "mares": [
        { "hora": "01:52", "altura": 0.60 },
        { "hora": "08:06", "altura": 1.85 },
        { "hora": "14:13", "altura": 0.69 },
        { "hora": "20:33", "altura": 1.87 }
      ]
    },
    {
      "dia": 26,
      "diaSemana": "Segunda",
      "mares": [
        { "hora": "02:53", "altura": 0.72 },
        { "hora": "09:09", "altura": 1.75 },
        { "hora": "15:26", "altura": 0.75 },
        { "hora": "21:49", "altura": 1.76 }
      ]
    },
    {
      "dia": 27,
      "diaSemana": "Terça",
      "mares": [
        { "hora": "04:15", "altura": 0.80 },
        { "hora": "10:28", "altura": 1.70 },
        { "hora": "16:58", "altura": 0.74 },
        { "hora": "23:21", "altura": 1.73 }
      ]
    },
    {
      "dia": 28,
      "diaSemana": "Quarta",
      "mares": [
        { "hora": "05:47", "altura": 0.79 },
        { "hora": "11:53", "altura": 1.74 },
        { "hora": "18:26", "altura": 0.63 }
      ]
    },
    {
      "dia": 29,
      "diaSemana": "Quinta",
      "mares": [
        { "hora": "00:45", "altura": 1.81 },
        { "hora": "07:04", "altura": 0.69 },
        { "hora": "13:06", "altura": 1.87 },
        { "hora": "19:34", "altura": 0.46 }
      ]
    },
    {
      "dia": 30,
      "diaSemana": "Sexta",
      "mares": [
        { "hora": "01:50", "altura": 1.95 },
        { "hora": "08:02", "altura": 0.56 },
        { "hora": "14:03", "altura": 2.04 },
        { "hora": "20:29", "altura": 0.30 }
      ]
    },
    {
      "dia": 31,
      "diaSemana": "Sábado",
      "mares": [
        { "hora": "02:42", "altura": 2.08 },
        { "hora": "08:49", "altura": 0.45 },
        { "hora": "14:52", "altura": 2.20 }
      ]
    }
  ]
}
