{
  "ano": 2026,
  "mes": 5,
  "mesNome": "Maio",
  "fonte": "https://www.salinas.com.br/pt/maceio/tabua-de-mares",
  "dataExtracao": "2025-01-27",
  "dias": [
    {
      "dia": 1,
      "diaSemana": "Sexta",
      "mares": [
        { "hora": "03:17", "altura": 2.12 },
        { "hora": "09:29", "altura": 0.38 },
        { "hora": "15:34", "altura": 2.12 },
        { "hora": "21:44", "altura": 0.43 }
      ]
    },
    {
      "dia": 2,
      "diaSemana": "Sábado",
      "mares": [
        { "hora": "03:47", "altura": 2.11 },
        { "hora": "10:01", "altura": 0.38 },
        { "hora": "16:07", "altura": 2.07 },
        { "hora": "22:14", "altura": 0.48 }
      ]
    },
    {
      "dia": 3,
      "diaSemana": "Domingo",
      "mares": [
        { "hora": "04:18", "altura": 2.07 },
        { "hora": "10:33", "altura": 0.41 },
        { "hora": "16:41", "altura": 2.0 },
        { "hora": "22:45", "altura": 0.54 }
      ]
    },
    {
      "dia": 4,
      "diaSemana": "Segunda",
      "mares": [
        { "hora": "04:49", "altura": 2.02 },
        { "hora": "11:06", "altura": 0.46 },
        { "hora": "17:16", "altura": 1.92 },
        { "hora": "23:17", "altura": 0.62 }
      ]
    },
    {
      "dia": 5,
      "diaSemana": "Terça",
      "mares": [
        { "hora": "05:24", "altura": 1.95 },
        { "hora": "11:42", "altura": 0.54 },
        { "hora": "17:54", "altura": 1.82 },
        { "hora": "23:52", "altura": 0.71 }
      ]
    },
    {
      "dia": 6,
      "diaSemana": "Quarta",
      "mares": [
        { "hora": "06:03", "altura": 1.87 },
        { "hora": "12:23", "altura": 0.64 },
        { "hora": "18:38", "altura": 1.72 }
      ]
    },
    {
      "dia": 7,
      "diaSemana": "Quinta",
      "mares": [
        { "hora": "00:34", "altura": 0.81 },
        { "hora": "06:49", "altura": 1.78 },
        { "hora": "13:14", "altura": 0.74 },
        { "hora": "19:32", "altura": 1.64 }
      ]
    },
    {
      "dia": 8,
      "diaSemana": "Sexta",
      "mares": [
        { "hora": "01:28", "altura": 0.9 },
        { "hora": "07:48", "altura": 1.71 },
        { "hora": "14:21", "altura": 0.81 },
        { "hora": "20:42", "altura": 1.59 }
      ]
    },
    {
      "dia": 9,
      "diaSemana": "Sábado",
      "mares": [
        { "hora": "02:43", "altura": 0.96 },
        { "hora": "09:00", "altura": 1.69 },
        { "hora": "15:41", "altura": 0.82 },
        { "hora": "22:00", "altura": 1.62 }
      ]
    },
    {
      "dia": 10,
      "diaSemana": "Domingo",
      "mares": [
        { "hora": "04:07", "altura": 0.95 },
        { "hora": "10:16", "altura": 1.73 },
        { "hora": "16:55", "altura": 0.76 },
        { "hora": "23:10", "altura": 1.71 }
      ]
    },
    {
      "dia": 11,
      "diaSemana": "Segunda",
      "mares": [
        { "hora": "05:18", "altura": 0.87 },
        { "hora": "11:21", "altura": 1.84 },
        { "hora": "17:52", "altura": 0.65 }
      ]
    },
    {
      "dia": 12,
      "diaSemana": "Terça",
      "mares": [
        { "hora": "00:05", "altura": 1.84 },
        { "hora": "06:12", "altura": 0.75 },
        { "hora": "12:15", "altura": 1.97 },
        { "hora": "18:41", "altura": 0.53 }
      ]
    },
    {
      "dia": 13,
      "diaSemana": "Quarta",
      "mares": [
        { "hora": "00:51", "altura": 1.98 },
        { "hora": "06:59", "altura": 0.6 },
        { "hora": "13:04", "altura": 2.1 },
        { "hora": "19:25", "altura": 0.41 }
      ]
    },
    {
      "dia": 14,
      "diaSemana": "Quinta",
      "mares": [
        { "hora": "01:33", "altura": 2.11 },
        { "hora": "07:43", "altura": 0.44 },
        { "hora": "13:50", "altura": 2.22 },
        { "hora": "20:08", "altura": 0.32 }
      ]
    },
    {
      "dia": 15,
      "diaSemana": "Sexta",
      "mares": [
        { "hora": "02:15", "altura": 2.21 },
        { "hora": "08:27", "altura": 0.31 },
        { "hora": "14:36", "altura": 2.29 },
        { "hora": "20:51", "altura": 0.27 }
      ]
    },
    {
      "dia": 16,
      "diaSemana": "Sábado",
      "mares": [
        { "hora": "02:57", "altura": 2.26 },
        { "hora": "09:11", "altura": 0.21 },
        { "hora": "15:23", "altura": 2.31 },
        { "hora": "21:35", "altura": 0.27 }
      ]
    },
    {
      "dia": 17,
      "diaSemana": "Domingo",
      "mares": [
        { "hora": "03:41", "altura": 2.28 },
        { "hora": "09:57", "altura": 0.16 },
        { "hora": "16:11", "altura": 2.27 },
        { "hora": "22:21", "altura": 0.32 }
      ]
    },
    {
      "dia": 18,
      "diaSemana": "Segunda",
      "mares": [
        { "hora": "04:26", "altura": 2.25 },
        { "hora": "10:46", "altura": 0.18 },
        { "hora": "17:01", "altura": 2.18 },
        { "hora": "23:09", "altura": 0.42 }
      ]
    },
    {
      "dia": 19,
      "diaSemana": "Terça",
      "mares": [
        { "hora": "05:15", "altura": 2.18 },
        { "hora": "11:39", "altura": 0.26 },
        { "hora": "17:55", "altura": 2.06 }
      ]
    },
    {
      "dia": 20,
      "diaSemana": "Quarta",
      "mares": [
        { "hora": "00:00", "altura": 0.54 },
        { "hora": "06:07", "altura": 2.1 },
        { "hora": "12:36", "altura": 0.38 },
        { "hora": "18:53", "altura": 1.93 }
      ]
    },
    {
      "dia": 21,
      "diaSemana": "Quinta",
      "mares": [
        { "hora": "00:56", "altura": 0.67 },
        { "hora": "07:05", "altura": 2.01 },
        { "hora": "13:41", "altura": 0.5 },
        { "hora": "19:57", "altura": 1.82 }
      ]
    },
    {
      "dia": 22,
      "diaSemana": "Sexta",
      "mares": [
        { "hora": "02:00", "altura": 0.78 },
        { "hora": "08:10", "altura": 1.93 },
        { "hora": "14:52", "altura": 0.6 },
        { "hora": "21:07", "altura": 1.75 }
      ]
    },
    {
      "dia": 23,
      "diaSemana": "Sábado",
      "mares": [
        { "hora": "03:12", "altura": 0.84 },
        { "hora": "09:21", "altura": 1.88 },
        { "hora": "16:04", "altura": 0.66 },
        { "hora": "22:18", "altura": 1.74 }
      ]
    },
    {
      "dia": 24,
      "diaSemana": "Domingo",
      "mares": [
        { "hora": "04:25", "altura": 0.84 },
        { "hora": "10:31", "altura": 1.87 },
        { "hora": "17:10", "altura": 0.66 },
        { "hora": "23:22", "altura": 1.77 }
      ]
    },
    {
      "dia": 25,
      "diaSemana": "Segunda",
      "mares": [
        { "hora": "05:31", "altura": 0.8 },
        { "hora": "11:35", "altura": 1.88 },
        { "hora": "18:07", "altura": 0.64 }
      ]
    },
    {
      "dia": 26,
      "diaSemana": "Terça",
      "mares": [
        { "hora": "00:16", "altura": 1.82 },
        { "hora": "06:26", "altura": 0.72 },
        { "hora": "12:30", "altura": 1.91 },
        { "hora": "18:54", "altura": 0.61 }
      ]
    },
    {
      "dia": 27,
      "diaSemana": "Quarta",
      "mares": [
        { "hora": "01:01", "altura": 1.89 },
        { "hora": "07:14", "altura": 0.64 },
        { "hora": "13:18", "altura": 1.94 },
        { "hora": "19:36", "altura": 0.58 }
      ]
    },
    {
      "dia": 28,
      "diaSemana": "Quinta",
      "mares": [
        { "hora": "01:41", "altura": 1.94 },
        { "hora": "07:56", "altura": 0.56 },
        { "hora": "14:00", "altura": 1.96 },
        { "hora": "20:14", "altura": 0.55 }
      ]
    },
    {
      "dia": 29,
      "diaSemana": "Sexta",
      "mares": [
        { "hora": "02:17", "altura": 1.98 },
        { "hora": "08:34", "altura": 0.5 },
        { "hora": "14:38", "altura": 1.98 },
        { "hora": "20:50", "altura": 0.54 }
      ]
    },
    {
      "dia": 30,
      "diaSemana": "Sábado",
      "mares": [
        { "hora": "02:52", "altura": 2.01 },
        { "hora": "09:10", "altura": 0.45 },
        { "hora": "15:15", "altura": 1.98 },
        { "hora": "21:24", "altura": 0.54 }
      ]
    },
    {
      "dia": 31,
      "diaSemana": "Domingo",
      "mares": [
        { "hora": "03:26", "altura": 2.02 },
        { "hora": "09:44", "altura": 0.43 },
        { "hora": "15:51", "altura": 1.97 }
      ]
    }
  ]
}
