{
  "ano": 2026,
  "mes": 4,
  "mesNome": "Abril",
  "fonte": "https://www.salinas.com.br/pt/maceio/tabua-de-mares",
  "dataExtracao": "2025-01-27",
  "dias": [
    {
      "dia": 1,
      "diaSemana": "Quarta",
      "mares": [
        { "hora": "03:16", "altura": 2.21 },
        { "hora": "09:23", "altura": 0.35 },
        { "hora": "15:27", "altura": 2.31 },
        { "hora": "21:43", "altura": 0.26 }
      ]
    },
    {
      "dia": 2,
      "diaSemana": "Quinta",
      "mares": [
        { "hora": "03:46", "altura": 2.22 },
        { "hora": "09:54", "altura": 0.33 },
        { "hora": "15:59", "altura": 2.27 },
        { "hora": "22:12", "altura": 0.31 }
      ]
    },
    {
      "dia": 3,
      "diaSemana": "Sexta",
      "mares": [
        { "hora": "04:15", "altura": 2.19 },
        { "hora": "10:24", "altura": 0.34 },
        { "hora": "16:30", "altura": 2.2 },
        { "hora": "22:40", "altura": 0.39 }
      ]
    },
    {
      "dia": 4,
      "diaSemana": "Sábado",
      "mares": [
        { "hora": "04:44", "altura": 2.13 },
        { "hora": "10:54", "altura": 0.38 },
        { "hora": "17:02", "altura": 2.09 },
        { "hora": "23:08", "altura": 0.48 }
      ]
    },
    {
      "dia": 5,
      "diaSemana": "Domingo",
      "mares": [
        { "hora": "05:13", "altura": 2.05 },
        { "hora": "11:25", "altura": 0.46 },
        { "hora": "17:34", "altura": 1.97 },
        { "hora": "23:37", "altura": 0.6 }
      ]
    },
    {
      "dia": 6,
      "diaSemana": "Segunda",
      "mares": [
        { "hora": "05:44", "altura": 1.94 },
        { "hora": "11:58", "altura": 0.56 },
        { "hora": "18:10", "altura": 1.83 }
      ]
    },
    {
      "dia": 7,
      "diaSemana": "Terça",
      "mares": [
        { "hora": "00:09", "altura": 0.72 },
        { "hora": "06:20", "altura": 1.83 },
        { "hora": "12:37", "altura": 0.67 },
        { "hora": "18:53", "altura": 1.69 }
      ]
    },
    {
      "dia": 8,
      "diaSemana": "Quarta",
      "mares": [
        { "hora": "00:48", "altura": 0.85 },
        { "hora": "07:05", "altura": 1.7 },
        { "hora": "13:28", "altura": 0.8 },
        { "hora": "19:51", "altura": 1.56 }
      ]
    },
    {
      "dia": 9,
      "diaSemana": "Quinta",
      "mares": [
        { "hora": "01:47", "altura": 0.97 },
        { "hora": "08:10", "altura": 1.6 },
        { "hora": "14:51", "altura": 0.9 },
        { "hora": "21:19", "altura": 1.49 }
      ]
    },
    {
      "dia": 10,
      "diaSemana": "Sexta",
      "mares": [
        { "hora": "03:29", "altura": 1.05 },
        { "hora": "09:45", "altura": 1.56 },
        { "hora": "16:41", "altura": 0.89 },
        { "hora": "23:01", "altura": 1.54 }
      ]
    },
    {
      "dia": 11,
      "diaSemana": "Sábado",
      "mares": [
        { "hora": "05:15", "altura": 1.0 },
        { "hora": "11:16", "altura": 1.65 },
        { "hora": "17:57", "altura": 0.79 }
      ]
    },
    {
      "dia": 12,
      "diaSemana": "Domingo",
      "mares": [
        { "hora": "00:10", "altura": 1.67 },
        { "hora": "06:19", "altura": 0.87 },
        { "hora": "12:18", "altura": 1.8 },
        { "hora": "18:48", "altura": 0.64 }
      ]
    },
    {
      "dia": 13,
      "diaSemana": "Segunda",
      "mares": [
        { "hora": "00:57", "altura": 1.84 },
        { "hora": "07:04", "altura": 0.73 },
        { "hora": "13:03", "altura": 1.98 },
        { "hora": "19:27", "altura": 0.49 }
      ]
    },
    {
      "dia": 14,
      "diaSemana": "Terça",
      "mares": [
        { "hora": "01:36", "altura": 2.01 },
        { "hora": "07:42", "altura": 0.58 },
        { "hora": "13:43", "altura": 2.15 },
        { "hora": "20:04", "altura": 0.35 }
      ]
    },
    {
      "dia": 15,
      "diaSemana": "Quarta",
      "mares": [
        { "hora": "02:12", "altura": 2.16 },
        { "hora": "08:18", "altura": 0.43 },
        { "hora": "14:22", "altura": 2.29 },
        { "hora": "20:40", "altura": 0.24 }
      ]
    },
    {
      "dia": 16,
      "diaSemana": "Quinta",
      "mares": [
        { "hora": "02:47", "altura": 2.27 },
        { "hora": "08:54", "altura": 0.3 },
        { "hora": "15:01", "altura": 2.39 },
        { "hora": "21:16", "altura": 0.18 }
      ]
    },
    {
      "dia": 17,
      "diaSemana": "Sexta",
      "mares": [
        { "hora": "03:23", "altura": 2.34 },
        { "hora": "09:32", "altura": 0.2 },
        { "hora": "15:41", "altura": 2.41 },
        { "hora": "21:54", "altura": 0.18 }
      ]
    },
    {
      "dia": 18,
      "diaSemana": "Sábado",
      "mares": [
        { "hora": "04:01", "altura": 2.34 },
        { "hora": "10:11", "altura": 0.16 },
        { "hora": "16:23", "altura": 2.37 },
        { "hora": "22:34", "altura": 0.24 }
      ]
    },
    {
      "dia": 19,
      "diaSemana": "Domingo",
      "mares": [
        { "hora": "04:40", "altura": 2.28 },
        { "hora": "10:54", "altura": 0.19 },
        { "hora": "17:08", "altura": 2.25 },
        { "hora": "23:16", "altura": 0.37 }
      ]
    },
    {
      "dia": 20,
      "diaSemana": "Segunda",
      "mares": [
        { "hora": "05:23", "altura": 2.18 },
        { "hora": "11:40", "altura": 0.28 },
        { "hora": "17:57", "altura": 2.09 }
      ]
    },
    {
      "dia": 21,
      "diaSemana": "Terça",
      "mares": [
        { "hora": "00:03", "altura": 0.53 },
        { "hora": "06:11", "altura": 2.04 },
        { "hora": "12:34", "altura": 0.42 },
        { "hora": "18:54", "altura": 1.9 }
      ]
    },
    {
      "dia": 22,
      "diaSemana": "Quarta",
      "mares": [
        { "hora": "00:59", "altura": 0.71 },
        { "hora": "07:08", "altura": 1.9 },
        { "hora": "13:42", "altura": 0.58 },
        { "hora": "20:05", "altura": 1.74 }
      ]
    },
    {
      "dia": 23,
      "diaSemana": "Quinta",
      "mares": [
        { "hora": "02:11", "altura": 0.86 },
        { "hora": "08:22", "altura": 1.79 },
        { "hora": "15:10", "altura": 0.68 },
        { "hora": "21:34", "altura": 1.67 }
      ]
    },
    {
      "dia": 24,
      "diaSemana": "Sexta",
      "mares": [
        { "hora": "03:45", "altura": 0.92 },
        { "hora": "09:51", "altura": 1.77 },
        { "hora": "16:42", "altura": 0.69 },
        { "hora": "23:03", "altura": 1.7 }
      ]
    },
    {
      "dia": 25,
      "diaSemana": "Sábado",
      "mares": [
        { "hora": "05:11", "altura": 0.88 },
        { "hora": "11:14", "altura": 1.83 },
        { "hora": "17:54", "altura": 0.62 }
      ]
    },
    {
      "dia": 26,
      "diaSemana": "Domingo",
      "mares": [
        { "hora": "00:10", "altura": 1.8 },
        { "hora": "06:15", "altura": 0.77 },
        { "hora": "12:18", "altura": 1.94 },
        { "hora": "18:48", "altura": 0.54 }
      ]
    },
    {
      "dia": 27,
      "diaSemana": "Segunda",
      "mares": [
        { "hora": "00:59", "altura": 1.9 },
        { "hora": "07:04", "altura": 0.66 },
        { "hora": "13:07", "altura": 2.04 },
        { "hora": "19:31", "altura": 0.47 }
      ]
    },
    {
      "dia": 28,
      "diaSemana": "Terça",
      "mares": [
        { "hora": "01:39", "altura": 2.0 },
        { "hora": "07:46", "altura": 0.56 },
        { "hora": "13:48", "altura": 2.11 },
        { "hora": "20:08", "altura": 0.42 }
      ]
    },
    {
      "dia": 29,
      "diaSemana": "Quarta",
      "mares": [
        { "hora": "02:14", "altura": 2.07 },
        { "hora": "08:23", "altura": 0.47 },
        { "hora": "14:26", "altura": 2.14 },
        { "hora": "20:42", "altura": 0.39 }
      ]
    },
    {
      "dia": 30,
      "diaSemana": "Quinta",
      "mares": [
        { "hora": "02:46", "altura": 2.11 },
        { "hora": "08:57", "altura": 0.42 },
        { "hora": "15:01", "altura": 2.15 },
        { "hora": "21:12", "altura": 0.26 }
      ]
    }
  ]
}
