{
  "ano": 2026,
  "mes": 6,
  "mesNome": "Junho",
  "fonte": "https://www.salinas.com.br/pt/maceio/tabua-de-mares",
  "dataExtracao": "2025-01-27",
  "dias": [
    {
      "dia": 1,
      "diaSemana": "Segunda",
      "mares": [
        { "hora": "04:00", "altura": 2.02 },
        { "hora": "10:19", "altura": 0.44 },
        { "hora": "16:26", "altura": 1.95 },
        { "hora": "22:30", "altura": 0.58 }
      ]
    },
    {
      "dia": 2,
      "diaSemana": "Terça",
      "mares": [
        { "hora": "04:35", "altura": 2.01 },
        { "hora": "10:54", "altura": 0.46 },
        { "hora": "17:03", "altura": 1.91 },
        { "hora": "23:04", "altura": 0.61 }
      ]
    },
    {
      "dia": 3,
      "diaSemana": "Quarta",
      "mares": [
        { "hora": "05:12", "altura": 1.99 },
        { "hora": "11:32", "altura": 0.51 },
        { "hora": "17:41", "altura": 1.86 },
        { "hora": "23:41", "altura": 0.67 }
      ]
    },
    {
      "dia": 4,
      "diaSemana": "Quinta",
      "mares": [
        { "hora": "05:51", "altura": 1.95 },
        { "hora": "12:12", "altura": 0.57 },
        { "hora": "18:23", "altura": 1.81 }
      ]
    },
    {
      "dia": 5,
      "diaSemana": "Sexta",
      "mares": [
        { "hora": "00:21", "altura": 0.73 },
        { "hora": "06:35", "altura": 1.91 },
        { "hora": "12:58", "altura": 0.64 },
        { "hora": "19:10", "altura": 1.76 }
      ]
    },
    {
      "dia": 6,
      "diaSemana": "Sábado",
      "mares": [
        { "hora": "01:08", "altura": 0.79 },
        { "hora": "07:24", "altura": 1.87 },
        { "hora": "13:50", "altura": 0.69 },
        { "hora": "20:05", "altura": 1.73 }
      ]
    },
    {
      "dia": 7,
      "diaSemana": "Domingo",
      "mares": [
        { "hora": "02:03", "altura": 0.84 },
        { "hora": "08:19", "altura": 1.84 },
        { "hora": "14:49", "altura": 0.72 },
        { "hora": "21:05", "altura": 1.73 }
      ]
    },
    {
      "dia": 8,
      "diaSemana": "Segunda",
      "mares": [
        { "hora": "03:07", "altura": 0.86 },
        { "hora": "09:21", "altura": 1.84 },
        { "hora": "15:52", "altura": 0.71 },
        { "hora": "22:09", "altura": 1.76 }
      ]
    },
    {
      "dia": 9,
      "diaSemana": "Terça",
      "mares": [
        { "hora": "04:15", "altura": 0.83 },
        { "hora": "10:26", "altura": 1.87 },
        { "hora": "16:55", "altura": 0.67 },
        { "hora": "23:10", "altura": 1.83 }
      ]
    },
    {
      "dia": 10,
      "diaSemana": "Quarta",
      "mares": [
        { "hora": "05:20", "altura": 0.75 },
        { "hora": "11:29", "altura": 1.93 },
        { "hora": "17:55", "altura": 0.6 }
      ]
    },
    {
      "dia": 11,
      "diaSemana": "Quinta",
      "mares": [
        { "hora": "00:06", "altura": 1.92 },
        { "hora": "06:19", "altura": 0.62 },
        { "hora": "12:29", "altura": 2.01 },
        { "hora": "18:51", "altura": 0.52 }
      ]
    },
    {
      "dia": 12,
      "diaSemana": "Sexta",
      "mares": [
        { "hora": "00:59", "altura": 2.01 },
        { "hora": "07:15", "altura": 0.48 },
        { "hora": "13:26", "altura": 2.1 },
        { "hora": "19:44", "altura": 0.45 }
      ]
    },
    {
      "dia": 13,
      "diaSemana": "Sábado",
      "mares": [
        { "hora": "01:50", "altura": 2.09 },
        { "hora": "08:07", "altura": 0.34 },
        { "hora": "14:20", "altura": 2.17 },
        { "hora": "20:35", "altura": 0.39 }
      ]
    },
    {
      "dia": 14,
      "diaSemana": "Domingo",
      "mares": [
        { "hora": "02:40", "altura": 2.17 },
        { "hora": "08:59", "altura": 0.23 },
        { "hora": "15:13", "altura": 2.21 },
        { "hora": "21:24", "altura": 0.36 }
      ]
    },
    {
      "dia": 15,
      "diaSemana": "Segunda",
      "mares": [
        { "hora": "03:29", "altura": 2.23 },
        { "hora": "09:51", "altura": 0.17 },
        { "hora": "16:05", "altura": 2.21 },
        { "hora": "22:14", "altura": 0.37 }
      ]
    },
    {
      "dia": 16,
      "diaSemana": "Terça",
      "mares": [
        { "hora": "04:19", "altura": 2.26 },
        { "hora": "10:43", "altura": 0.17 },
        { "hora": "16:56", "altura": 2.18 },
        { "hora": "23:02", "altura": 0.42 }
      ]
    },
    {
      "dia": 17,
      "diaSemana": "Quarta",
      "mares": [
        { "hora": "05:08", "altura": 2.26 },
        { "hora": "11:35", "altura": 0.22 },
        { "hora": "17:47", "altura": 2.11 },
        { "hora": "23:51", "altura": 0.49 }
      ]
    },
    {
      "dia": 18,
      "diaSemana": "Quinta",
      "mares": [
        { "hora": "05:58", "altura": 2.23 },
        { "hora": "12:27", "altura": 0.31 },
        { "hora": "18:38", "altura": 2.02 }
      ]
    },
    {
      "dia": 19,
      "diaSemana": "Sexta",
      "mares": [
        { "hora": "00:40", "altura": 0.58 },
        { "hora": "06:49", "altura": 2.16 },
        { "hora": "13:20", "altura": 0.43 },
        { "hora": "19:30", "altura": 1.92 }
      ]
    },
    {
      "dia": 20,
      "diaSemana": "Sábado",
      "mares": [
        { "hora": "01:32", "altura": 0.67 },
        { "hora": "07:42", "altura": 2.06 },
        { "hora": "14:16", "altura": 0.55 },
        { "hora": "20:24", "altura": 1.83 }
      ]
    },
    {
      "dia": 21,
      "diaSemana": "Domingo",
      "mares": [
        { "hora": "02:28", "altura": 0.76 },
        { "hora": "08:39", "altura": 1.95 },
        { "hora": "15:14", "altura": 0.66 },
        { "hora": "21:22", "altura": 1.76 }
      ]
    },
    {
      "dia": 22,
      "diaSemana": "Segunda",
      "mares": [
        { "hora": "03:31", "altura": 0.81 },
        { "hora": "09:40", "altura": 1.85 },
        { "hora": "16:15", "altura": 0.74 },
        { "hora": "22:23", "altura": 1.72 }
      ]
    },
    {
      "dia": 23,
      "diaSemana": "Terça",
      "mares": [
        { "hora": "04:38", "altura": 0.83 },
        { "hora": "10:46", "altura": 1.78 },
        { "hora": "17:17", "altura": 0.77 },
        { "hora": "23:24", "altura": 1.72 }
      ]
    },
    {
      "dia": 24,
      "diaSemana": "Quarta",
      "mares": [
        { "hora": "05:44", "altura": 0.8 },
        { "hora": "11:51", "altura": 1.75 },
        { "hora": "18:15", "altura": 0.77 }
      ]
    },
    {
      "dia": 25,
      "diaSemana": "Quinta",
      "mares": [
        { "hora": "00:20", "altura": 1.75 },
        { "hora": "06:43", "altura": 0.73 },
        { "hora": "12:49", "altura": 1.77 },
        { "hora": "19:07", "altura": 0.73 }
      ]
    },
    {
      "dia": 26,
      "diaSemana": "Sexta",
      "mares": [
        { "hora": "01:10", "altura": 1.8 },
        { "hora": "07:33", "altura": 0.65 },
        { "hora": "13:39", "altura": 1.81 },
        { "hora": "19:53", "altura": 0.69 }
      ]
    },
    {
      "dia": 27,
      "diaSemana": "Sábado",
      "mares": [
        { "hora": "01:54", "altura": 1.86 },
        { "hora": "08:16", "altura": 0.57 },
        { "hora": "14:23", "altura": 1.86 },
        { "hora": "20:33", "altura": 0.64 }
      ]
    },
    {
      "dia": 28,
      "diaSemana": "Domingo",
      "mares": [
        { "hora": "02:34", "altura": 1.92 },
        { "hora": "08:56", "altura": 0.51 },
        { "hora": "15:02", "altura": 1.9 },
        { "hora": "21:10", "altura": 0.6 }
      ]
    },
    {
      "dia": 29,
      "diaSemana": "Segunda",
      "mares": [
        { "hora": "03:11", "altura": 1.98 },
        { "hora": "09:32", "altura": 0.46 },
        { "hora": "15:39", "altura": 1.94 },
        { "hora": "21:44", "altura": 0.57 }
      ]
    },
    {
      "dia": 30,
      "diaSemana": "Terça",
      "mares": [
        { "hora": "03:47", "altura": 2.03 },
        { "hora": "10:07", "altura": 0.43 },
        { "hora": "16:14", "altura": 1.96 },
        { "hora": "21:57", "altura": 0.55 }
      ]
    }
  ]
}
